locations3 image url here51.JPG,false,false,s3 profile image url here,zapijrej,2,Traveler photo submitted by Francis Jensen (June 2016)
s3 image url here3.JPG,false,false,s3 profile image url here,jaw,5,Traveler photo submitted by Mattie Campbell (June 2015)
s3 image url here80.JPG,false,false,s3 profile image url here,fu,4,Traveler photo submitted by Estelle Douglas (April 2015)
s3 image url here40.JPG,false,false,s3 profile image url here,badmawcoc,0,Traveler photo submitted by Jane Martinez (July 2019)
s3 image url here10.JPG,false,false,s3 profile image url here,nudgon,5,Traveler photo submitted by Robert Lindsey (August 2015)
s3 image url here83.JPG,false,false,s3 profile image url here,ocwi,0,Traveler photo submitted by Albert Chandler (September 2016)
s3 image url here79.JPG,false,false,s3 profile image url here,lokkacoj,4,Traveler photo submitted by Philip McCormick (August 2019)
s3 image url here25.JPG,false,false,s3 profile image url here,givukedo,5,Traveler photo submitted by Irene Blake (September 2017)
s3 image url here42.JPG,false,false,s3 profile image url here,ujezana,3,Traveler photo submitted by Laura Castro (April 2018)
s3 image url here41.JPG,false,false,s3 profile image url here,jevme,1,Traveler photo submitted by Jennie Santos (May 2019)
s3 image url here76.JPG,false,false,s3 profile image url here,ibaho,2,Traveler photo submitted by Ricky Weber (July 2015)
s3 image url here1.JPG,false,false,s3 profile image url here,gadvomcin,5,Traveler photo submitted by Evan Lynch (May 2018)
s3 image url here36.JPG,false,false,s3 profile image url here,gidco,0,Traveler photo submitted by Lawrence Fowler (September 2019)
s3 image url here35.JPG,false,false,s3 profile image url here,hi,0,Traveler photo submitted by Steve Nelson (October 2020)
s3 image url here58.JPG,false,false,s3 profile image url here,imegof,1,Traveler photo submitted by Aiden Foster (December 2016)
s3 image url here88.JPG,false,false,s3 profile image url here,tadeze,2,Traveler photo submitted by Dylan Gross (September 2019)
s3 image url here85.JPG,false,false,s3 profile image url here,lefjurav,3,Traveler photo submitted by Frederick Pena (March 2016)
s3 image url here38.JPG,false,false,s3 profile image url here,cuc,0,Traveler photo submitted by Lina Morton (May 2015)
s3 image url here7.JPG,false,false,s3 profile image url here,wozcelik,3,Traveler photo submitted by Jacob Hayes (April 2018)
s3 image url here85.JPG,false,false,s3 profile image url here,okvein,5,Traveler photo submitted by Nellie Hamilton (May 2017)
s3 image url here68.JPG,false,false,s3 profile image url here,vonehok,5,Traveler photo submitted by Margaret Rice (November 2019)
s3 image url here4.JPG,false,false,s3 profile image url here,pako,2,Traveler photo submitted by Edna Zimmerman (March 2017)
s3 image url here28.JPG,false,false,s3 profile image url here,neb,5,Traveler photo submitted by Maria Gilbert (August 2019)
s3 image url here99.JPG,false,false,s3 profile image url here,vewnamme,4,Traveler photo submitted by Francisco Newton (January 2016)
s3 image url here85.JPG,false,false,s3 profile image url here,sakiwjir,3,Traveler photo submitted by Laura Farmer (November 2015)
s3 image url here57.JPG,false,false,s3 profile image url here,av,5,Traveler photo submitted by Adam Lamb (August 2015)
s3 image url here97.JPG,false,false,s3 profile image url here,fapovil,2,Traveler photo submitted by Katie Lindsey (October 2018)
s3 image url here25.JPG,false,false,s3 profile image url here,talvoji,5,Traveler photo submitted by Belle Knight (April 2019)
s3 image url here11.JPG,false,false,s3 profile image url here,vom,2,Traveler photo submitted by Glen Torres (November 2017)
s3 image url here29.JPG,false,false,s3 profile image url here,evufes,1,Traveler photo submitted by Harold Jackson (December 2018)
s3 image url here76.JPG,false,false,s3 profile image url here,dacced,0,Traveler photo submitted by Lottie May (August 2017)
s3 image url here31.JPG,false,false,s3 profile image url here,bik,2,Traveler photo submitted by Joe Saunders (May 2018)
s3 image url here79.JPG,false,false,s3 profile image url here,bogdolti,3,Traveler photo submitted by Jane Cain (October 2015)
s3 image url here95.JPG,false,false,s3 profile image url here,ibicuv,1,Traveler photo submitted by Kyle Patrick (March 2020)
s3 image url here25.JPG,false,false,s3 profile image url here,koja,1,Traveler photo submitted by Clara Blair (January 2017)
s3 image url here12.JPG,false,false,s3 profile image url here,fef,2,Traveler photo submitted by Mollie Blake (May 2016)
s3 image url here2.JPG,false,false,s3 profile image url here,rapje,1,Traveler photo submitted by Angel Chambers (January 2019)
s3 image url here26.JPG,false,false,s3 profile image url here,lazkibgid,2,Traveler photo submitted by Jerome Benson (September 2017)
s3 image url here2.JPG,false,false,s3 profile image url here,cakijwe,4,Traveler photo submitted by Dylan Pope (September 2017)
s3 image url here64.JPG,false,false,s3 profile image url here,gaep,3,Traveler photo submitted by Garrett Butler (August 2020)
s3 image url here72.JPG,false,false,s3 profile image url here,leposol,5,Traveler photo submitted by Roy Hammond (May 2020)
s3 image url here53.JPG,false,false,s3 profile image url here,fajuvu,4,Traveler photo submitted by Danny Willis (January 2015)
s3 image url here94.JPG,false,false,s3 profile image url here,kalwum,0,Traveler photo submitted by Elijah Larson (November 2019)
s3 image url here11.JPG,false,false,s3 profile image url here,ijijimlis,0,Traveler photo submitted by Charlie Woods (September 2015)
s3 image url here65.JPG,false,false,s3 profile image url here,viwho,5,Traveler photo submitted by Lina Wilkerson (May 2015)
s3 image url here86.JPG,false,false,s3 profile image url here,mukoh,0,Traveler photo submitted by Blanche Robbins (June 2020)
s3 image url here53.JPG,false,false,s3 profile image url here,rep,4,Traveler photo submitted by Mario Clayton (December 2017)
s3 image url here39.JPG,false,false,s3 profile image url here,reh,1,Traveler photo submitted by Dora Love (October 2017)
s3 image url here87.JPG,false,false,s3 profile image url here,ippago,0,Traveler photo submitted by Dora Richards (September 2020)
s3 image url here100.JPG,false,false,s3 profile image url here,sugotir,1,Traveler photo submitted by James Colon (May 2016)
s3 image url here60.JPG,false,false,s3 profile image url here,bos,3,Traveler photo submitted by Ida Willis (March 2018)
s3 image url here96.JPG,false,false,s3 profile image url here,ehakaju,1,Traveler photo submitted by Oscar Brock (August 2019)
s3 image url here87.JPG,false,false,s3 profile image url here,jujgeewu,2,Traveler photo submitted by Hallie Wallace (November 2016)
s3 image url here93.JPG,false,false,s3 profile image url here,relafvu,2,Traveler photo submitted by Frederick Norman (June 2016)
s3 image url here37.JPG,false,false,s3 profile image url here,peh,4,Traveler photo submitted by Florence Ramsey (June 2019)
s3 image url here50.JPG,false,false,s3 profile image url here,zej,5,Traveler photo submitted by Ophelia Mullins (September 2020)
s3 image url here37.JPG,false,false,s3 profile image url here,va,1,Traveler photo submitted by Vincent Hopkins (July 2018)
s3 image url here68.JPG,false,false,s3 profile image url here,ciwcafhi,1,Traveler photo submitted by Stella Andrews (September 2019)
s3 image url here14.JPG,false,false,s3 profile image url here,pagmonjov,5,Traveler photo submitted by Nettie Dean (June 2018)
s3 image url here8.JPG,false,false,s3 profile image url here,himvahut,2,Traveler photo submitted by Dollie Washington (April 2015)
s3 image url here63.JPG,false,false,s3 profile image url here,ewkapbuh,2,Traveler photo submitted by Bobby Alvarado (June 2017)
s3 image url here11.JPG,false,false,s3 profile image url here,ohauwowev,3,Traveler photo submitted by Ola Greer (November 2020)
s3 image url here25.JPG,false,false,s3 profile image url here,notothaj,2,Traveler photo submitted by Estelle Reed (September 2019)
s3 image url here45.JPG,false,false,s3 profile image url here,cudwore,4,Traveler photo submitted by Inez Coleman (April 2016)
s3 image url here14.JPG,false,false,s3 profile image url here,asifkar,5,Traveler photo submitted by Barry Barrett (November 2017)
s3 image url here11.JPG,false,false,s3 profile image url here,migodi,3,Traveler photo submitted by Lucille Floyd (October 2017)
s3 image url here20.JPG,false,false,s3 profile image url here,agaeza,0,Traveler photo submitted by Sylvia Reed (June 2017)
s3 image url here84.JPG,false,false,s3 profile image url here,ru,4,Traveler photo submitted by Seth Harris (March 2020)
s3 image url here89.JPG,false,false,s3 profile image url here,saumedo,5,Traveler photo submitted by Johnny Logan (February 2020)
s3 image url here1.JPG,false,false,s3 profile image url here,ru,2,Traveler photo submitted by Jerome Pittman (February 2015)
s3 image url here23.JPG,false,false,s3 profile image url here,re,0,Traveler photo submitted by Rodney Benson (November 2017)
s3 image url here77.JPG,false,false,s3 profile image url here,wabuka,0,Traveler photo submitted by Cordelia Craig (July 2015)
s3 image url here83.JPG,false,false,s3 profile image url here,suede,5,Traveler photo submitted by Iva Stephens (April 2018)
s3 image url here97.JPG,false,false,s3 profile image url here,gutmi,5,Traveler photo submitted by Carrie Parker (May 2017)
s3 image url here51.JPG,false,false,s3 profile image url here,fumuiju,2,Traveler photo submitted by Francisco Strickland (April 2017)
s3 image url here100.JPG,false,false,s3 profile image url here,wa,4,Traveler photo submitted by Barbara Brock (April 2017)
s3 image url here11.JPG,false,false,s3 profile image url here,zuzug,3,Traveler photo submitted by Emily Warren (October 2017)
s3 image url here84.JPG,false,false,s3 profile image url here,eba,3,Traveler photo submitted by Luella Peterson (October 2017)
s3 image url here91.JPG,false,false,s3 profile image url here,biku,0,Traveler photo submitted by Jose Malone (March 2020)
s3 image url here97.JPG,false,false,s3 profile image url here,pewra,3,Traveler photo submitted by Anne Stokes (December 2016)
s3 image url here4.JPG,false,false,s3 profile image url here,ikedu,3,Traveler photo submitted by Caroline Wagner (October 2015)
s3 image url here38.JPG,false,false,s3 profile image url here,kazefra,3,Traveler photo submitted by Mitchell Evans (February 2018)
s3 image url here75.JPG,false,false,s3 profile image url here,uf,5,Traveler photo submitted by Edgar Palmer (December 2020)
s3 image url here36.JPG,false,false,s3 profile image url here,alu,1,Traveler photo submitted by Joe Boyd (November 2016)
s3 image url here90.JPG,false,false,s3 profile image url here,siabigi,4,Traveler photo submitted by Darrell Dean (December 2017)
s3 image url here16.JPG,false,false,s3 profile image url here,paamioc,0,Traveler photo submitted by Jean Jensen (June 2015)
s3 image url here9.JPG,false,false,s3 profile image url here,wufbufibi,4,Traveler photo submitted by Gussie Townsend (February 2016)
s3 image url here15.JPG,false,false,s3 profile image url here,la,2,Traveler photo submitted by Ruby Ray (September 2020)
s3 image url here59.JPG,false,false,s3 profile image url here,se,4,Traveler photo submitted by Polly Coleman (August 2016)
s3 image url here17.JPG,false,false,s3 profile image url here,avo,5,Traveler photo submitted by Essie Rowe (May 2019)
s3 image url here36.JPG,false,false,s3 profile image url here,puh,5,Traveler photo submitted by Jean Lee (April 2015)
s3 image url here30.JPG,false,false,s3 profile image url here,paho,0,Traveler photo submitted by Emilie Cole (July 2020)
s3 image url here94.JPG,false,false,s3 profile image url here,jamena,0,Traveler photo submitted by Lou Walters (November 2015)
s3 image url here72.JPG,false,false,s3 profile image url here,sog,4,Traveler photo submitted by Kathryn Newman (January 2020)
s3 image url here94.JPG,false,false,s3 profile image url here,uvru,2,Traveler photo submitted by Alice Lowe (March 2016)
s3 image url here87.JPG,false,false,s3 profile image url here,jacpesuk,2,Traveler photo submitted by Sam Floyd (December 2016)
s3 image url here89.JPG,false,false,s3 profile image url here,rod,0,Traveler photo submitted by Bryan Potter (May 2019)
s3 image url here99.JPG,false,false,s3 profile image url here,mevda,4,Traveler photo submitted by Olivia Webster (October 2020)
s3 image url here63.JPG,false,false,s3 profile image url here,ri,0,Traveler photo submitted by Lucy Lyons (March 2019)
s3 image url here54.JPG,false,false,s3 profile image url here,pewnodata,3,Traveler photo submitted by Hulda Hicks (November 2015)
s3 image url here61.JPG,false,false,s3 profile image url here,rezpaci,2,Traveler photo submitted by Cory Sanchez (February 2020)
s3 image url here96.JPG,false,false,s3 profile image url here,waris,5,Traveler photo submitted by Anthony Atkins (September 2018)
s3 image url here41.JPG,false,false,s3 profile image url here,ajzimvi,5,Traveler photo submitted by Clifford Wagner (October 2015)
s3 image url here100.JPG,false,false,s3 profile image url here,imifer,2,Traveler photo submitted by Hallie Miles (July 2020)
s3 image url here66.JPG,false,false,s3 profile image url here,tah,5,Traveler photo submitted by Herman Bell (June 2016)
s3 image url here37.JPG,false,false,s3 profile image url here,leje,4,Traveler photo submitted by Justin Little (October 2017)
s3 image url here93.JPG,false,false,s3 profile image url here,zepegibu,2,Traveler photo submitted by Alta Gray (March 2015)
s3 image url here16.JPG,false,false,s3 profile image url here,awive,3,Traveler photo submitted by Barry Cooper (August 2017)
s3 image url here34.JPG,false,false,s3 profile image url here,tup,2,Traveler photo submitted by Lida Adams (November 2015)
s3 image url here93.JPG,false,false,s3 profile image url here,sochik,3,Traveler photo submitted by Gary Harper (June 2019)
s3 image url here15.JPG,false,false,s3 profile image url here,fi,0,Traveler photo submitted by Billy Bowen (September 2016)
s3 image url here7.JPG,false,false,s3 profile image url here,tanbi,5,Traveler photo submitted by Lou Simon (February 2015)
s3 image url here25.JPG,false,false,s3 profile image url here,et,5,Traveler photo submitted by Ricky Franklin (July 2020)
s3 image url here93.JPG,false,false,s3 profile image url here,pihula,5,Traveler photo submitted by Ralph Sims (August 2019)
s3 image url here43.JPG,false,false,s3 profile image url here,ufoiputis,5,Traveler photo submitted by Eula Shelton (April 2018)
s3 image url here56.JPG,false,false,s3 profile image url here,mupnojfa,5,Traveler photo submitted by Bradley Mills (March 2016)
s3 image url here38.JPG,false,false,s3 profile image url here,zejcak,4,Traveler photo submitted by Frances Davis (June 2020)
s3 image url here41.JPG,false,false,s3 profile image url here,poena,4,Traveler photo submitted by Nina Rowe (January 2017)
s3 image url here1.JPG,false,false,s3 profile image url here,uh,3,Traveler photo submitted by Louise Olson (May 2019)
s3 image url here64.JPG,false,false,s3 profile image url here,onsu,2,Traveler photo submitted by Derek Ruiz (November 2017)
s3 image url here45.JPG,false,false,s3 profile image url here,halnisev,1,Traveler photo submitted by Douglas Evans (February 2018)
s3 image url here53.JPG,false,false,s3 profile image url here,li,1,Traveler photo submitted by Johanna Lane (January 2017)
s3 image url here90.JPG,false,false,s3 profile image url here,udzarup,1,Traveler photo submitted by Roy Schultz (September 2020)
s3 image url here90.JPG,false,false,s3 profile image url here,ke,5,Traveler photo submitted by Frances Flores (January 2018)
s3 image url here17.JPG,false,false,s3 profile image url here,ofmidwog,0,Traveler photo submitted by Chris Reyes (January 2019)
s3 image url here80.JPG,false,false,s3 profile image url here,ori,1,Traveler photo submitted by Katharine Summers (August 2019)
s3 image url here44.JPG,false,false,s3 profile image url here,gik,3,Traveler photo submitted by Earl Mendez (June 2020)
s3 image url here100.JPG,false,false,s3 profile image url here,cicjeeva,4,Traveler photo submitted by Stanley Nunez (July 2017)
s3 image url here12.JPG,false,false,s3 profile image url here,tuok,2,Traveler photo submitted by Cordelia Chapman (July 2018)
s3 image url here28.JPG,false,false,s3 profile image url here,zet,3,Traveler photo submitted by Kevin Lloyd (March 2018)
s3 image url here45.JPG,false,false,s3 profile image url here,keirwi,4,Traveler photo submitted by Alfred Hunt (March 2020)
s3 image url here81.JPG,false,false,s3 profile image url here,vadovo,0,Traveler photo submitted by James Yates (February 2016)
s3 image url here71.JPG,false,false,s3 profile image url here,usjejvuk,2,Traveler photo submitted by Ethel Martinez (December 2015)
s3 image url here17.JPG,false,false,s3 profile image url here,tah,5,Traveler photo submitted by Josie Wood (October 2015)
s3 image url here70.JPG,false,false,s3 profile image url here,neuvvan,2,Traveler photo submitted by Rebecca Carlson (November 2016)
s3 image url here29.JPG,false,false,s3 profile image url here,rih,5,Traveler photo submitted by Ella Luna (April 2017)
s3 image url here57.JPG,false,false,s3 profile image url here,aba,2,Traveler photo submitted by Lloyd Coleman (March 2015)
s3 image url here57.JPG,false,false,s3 profile image url here,mukize,1,Traveler photo submitted by Lucinda Farmer (February 2020)
s3 image url here6.JPG,false,false,s3 profile image url here,na,0,Traveler photo submitted by Fanny Roy (February 2015)
s3 image url here80.JPG,false,false,s3 profile image url here,kakoas,0,Traveler photo submitted by Logan Frank (May 2017)
s3 image url here26.JPG,false,false,s3 profile image url here,nok,2,Traveler photo submitted by Austin Hopkins (April 2018)
s3 image url here83.JPG,false,false,s3 profile image url here,if,4,Traveler photo submitted by Johanna Parks (April 2018)
s3 image url here53.JPG,false,false,s3 profile image url here,fesuho,2,Traveler photo submitted by Mary Ross (March 2019)
s3 image url here82.JPG,false,false,s3 profile image url here,be,1,Traveler photo submitted by Lida James (June 2019)
s3 image url here42.JPG,false,false,s3 profile image url here,firuow,5,Traveler photo submitted by Hulda Rogers (January 2018)
s3 image url here57.JPG,false,false,s3 profile image url here,sikiko,2,Traveler photo submitted by Elmer Banks (June 2018)
s3 image url here91.JPG,false,false,s3 profile image url here,vejiz,5,Traveler photo submitted by Lydia Ferguson (April 2016)
s3 image url here86.JPG,false,false,s3 profile image url here,ca,4,Traveler photo submitted by Duane Tyler (February 2018)
s3 image url here67.JPG,false,false,s3 profile image url here,uso,2,Traveler photo submitted by Jerome Moreno (May 2017)
s3 image url here87.JPG,false,false,s3 profile image url here,wun,0,Traveler photo submitted by Rena Wheeler (April 2016)
s3 image url here20.JPG,false,false,s3 profile image url here,cu,3,Traveler photo submitted by Betty Myers (April 2018)
s3 image url here43.JPG,false,false,s3 profile image url here,dieciki,1,Traveler photo submitted by Lawrence Armstrong (June 2017)
s3 image url here63.JPG,false,false,s3 profile image url here,lid,5,Traveler photo submitted by Clarence Lyons (August 2016)
s3 image url here64.JPG,false,false,s3 profile image url here,hedfoij,4,Traveler photo submitted by Lois Todd (July 2016)
s3 image url here17.JPG,false,false,s3 profile image url here,nedib,0,Traveler photo submitted by Addie Love (February 2015)
s3 image url here45.JPG,false,false,s3 profile image url here,vov,0,Traveler photo submitted by Lelia Casey (March 2018)
s3 image url here15.JPG,false,false,s3 profile image url here,ges,4,Traveler photo submitted by Mae Wolfe (January 2016)
s3 image url here65.JPG,false,false,s3 profile image url here,bara,1,Traveler photo submitted by Elva Riley (April 2018)
s3 image url here8.JPG,false,false,s3 profile image url here,eboroko,4,Traveler photo submitted by Wesley Woods (November 2018)
s3 image url here61.JPG,false,false,s3 profile image url here,rohgus,5,Traveler photo submitted by Lily Osborne (January 2017)
s3 image url here18.JPG,false,false,s3 profile image url here,gizdakkem,2,Traveler photo submitted by Minerva Lynch (February 2015)
s3 image url here21.JPG,false,false,s3 profile image url here,pibzo,0,Traveler photo submitted by Leila Figueroa (June 2015)
s3 image url here58.JPG,false,false,s3 profile image url here,tuh,4,Traveler photo submitted by Louise Cooper (January 2019)
s3 image url here9.JPG,false,false,s3 profile image url here,tugwe,4,Traveler photo submitted by Genevieve Doyle (January 2015)
s3 image url here84.JPG,false,false,s3 profile image url here,asogiw,5,Traveler photo submitted by Mark Keller (October 2015)
s3 image url here77.JPG,false,false,s3 profile image url here,nakoh,5,Traveler photo submitted by Linnie Ortega (November 2018)
s3 image url here76.JPG,false,false,s3 profile image url here,nila,0,Traveler photo submitted by Bobby Waters (December 2018)
s3 image url here24.JPG,false,false,s3 profile image url here,eworidi,1,Traveler photo submitted by Anthony Castillo (May 2019)
s3 image url here80.JPG,false,false,s3 profile image url here,vead,4,Traveler photo submitted by Ray Benson (October 2020)
s3 image url here98.JPG,false,false,s3 profile image url here,toumca,2,Traveler photo submitted by Elnora Newman (October 2020)
s3 image url here75.JPG,false,false,s3 profile image url here,anaov,0,Traveler photo submitted by Mario Barker (December 2015)
s3 image url here30.JPG,false,false,s3 profile image url here,ziz,1,Traveler photo submitted by Barbara Carroll (February 2016)
s3 image url here80.JPG,false,false,s3 profile image url here,niin,0,Traveler photo submitted by Jack Stone (September 2018)
s3 image url here47.JPG,false,false,s3 profile image url here,udaj,5,Traveler photo submitted by Emilie Cummings (June 2017)
s3 image url here39.JPG,false,false,s3 profile image url here,bup,0,Traveler photo submitted by Antonio Snyder (September 2017)
s3 image url here35.JPG,false,false,s3 profile image url here,ezsa,3,Traveler photo submitted by Jean Benson (June 2016)
s3 image url here3.JPG,false,false,s3 profile image url here,luluk,0,Traveler photo submitted by Ralph Grant (December 2018)
s3 image url here39.JPG,false,false,s3 profile image url here,ci,1,Traveler photo submitted by Lelia Kim (July 2016)
s3 image url here60.JPG,false,false,s3 profile image url here,num,0,Traveler photo submitted by Cornelia Morrison (February 2020)
s3 image url here58.JPG,false,false,s3 profile image url here,rannoj,0,Traveler photo submitted by Jonathan Pena (October 2020)
s3 image url here19.JPG,false,false,s3 profile image url here,mi,0,Traveler photo submitted by Ian Lewis (January 2018)
s3 image url here35.JPG,false,false,s3 profile image url here,iphade,4,Traveler photo submitted by Fanny Banks (August 2017)
s3 image url here23.JPG,false,false,s3 profile image url here,kosine,0,Traveler photo submitted by Jack Nelson (January 2016)
s3 image url here76.JPG,false,false,s3 profile image url here,soc,4,Traveler photo submitted by Grace Griffith (February 2020)
s3 image url here15.JPG,false,false,s3 profile image url here,zurbeaf,0,Traveler photo submitted by Lucas Hammond (December 2020)
s3 image url here20.JPG,false,false,s3 profile image url here,bi,5,Traveler photo submitted by Ollie Chapman (February 2020)
s3 image url here71.JPG,false,false,s3 profile image url here,ip,2,Traveler photo submitted by Rosie Payne (September 2019)
s3 image url here52.JPG,false,false,s3 profile image url here,cowdi,4,Traveler photo submitted by Anne Spencer (June 2016)
s3 image url here73.JPG,false,false,s3 profile image url here,seohuba,1,Traveler photo submitted by Myrtie Schmidt (May 2015)
s3 image url here63.JPG,false,false,s3 profile image url here,cah,1,Traveler photo submitted by Shane Higgins (April 2019)
s3 image url here4.JPG,false,false,s3 profile image url here,fokehogi,1,Traveler photo submitted by Marcus Becker (March 2017)
s3 image url here47.JPG,false,false,s3 profile image url here,zivme,5,Traveler photo submitted by Ray Garcia (June 2020)
s3 image url here41.JPG,false,false,s3 profile image url here,eriafa,3,Traveler photo submitted by Lester Higgins (July 2016)
s3 image url here13.JPG,false,false,s3 profile image url here,aberosov,3,Traveler photo submitted by Harriett Wolfe (August 2020)
s3 image url here24.JPG,false,false,s3 profile image url here,mag,3,Traveler photo submitted by Lottie Hudson (January 2015)
s3 image url here18.JPG,false,false,s3 profile image url here,tuijow,5,Traveler photo submitted by Marian Patrick (October 2015)
s3 image url here86.JPG,false,false,s3 profile image url here,bina,4,Traveler photo submitted by Blanche French (June 2017)
s3 image url here7.JPG,false,false,s3 profile image url here,jihad,0,Traveler photo submitted by Amelia Berry (August 2017)
s3 image url here26.JPG,false,false,s3 profile image url here,kewsoin,4,Traveler photo submitted by Franklin Lee (October 2019)
s3 image url here14.JPG,false,false,s3 profile image url here,sabajmo,1,Traveler photo submitted by Mildred Hart (September 2016)
s3 image url here28.JPG,false,false,s3 profile image url here,cop,3,Traveler photo submitted by Anthony Hoffman (February 2019)
s3 image url here55.JPG,false,false,s3 profile image url here,capaho,4,Traveler photo submitted by Elnora Payne (June 2020)
s3 image url here57.JPG,false,false,s3 profile image url here,ifozupbe,2,Traveler photo submitted by Keith Wise (March 2016)
s3 image url here43.JPG,false,false,s3 profile image url here,rudis,1,Traveler photo submitted by Henry Peterson (August 2020)
s3 image url here88.JPG,false,false,s3 profile image url here,curode,4,Traveler photo submitted by Adele Graham (July 2017)
s3 image url here32.JPG,false,false,s3 profile image url here,mijnene,0,Traveler photo submitted by Evelyn Figueroa (July 2019)
s3 image url here96.JPG,false,false,s3 profile image url here,no,0,Traveler photo submitted by Johanna Kennedy (May 2018)
s3 image url here24.JPG,false,false,s3 profile image url here,bibip,1,Traveler photo submitted by Leroy Freeman (December 2015)
s3 image url here45.JPG,false,false,s3 profile image url here,kep,1,Traveler photo submitted by Brett Thomas (February 2015)
s3 image url here90.JPG,false,false,s3 profile image url here,lercu,3,Traveler photo submitted by Troy Paul (September 2018)
s3 image url here47.JPG,false,false,s3 profile image url here,deguz,4,Traveler photo submitted by Darrell Spencer (January 2020)
s3 image url here83.JPG,false,false,s3 profile image url here,nutfav,1,Traveler photo submitted by Estella Wells (January 2018)
s3 image url here59.JPG,false,false,s3 profile image url here,cokiv,0,Traveler photo submitted by Laura Alexander (December 2015)
s3 image url here62.JPG,false,false,s3 profile image url here,nootuzer,4,Traveler photo submitted by Luke Santiago (January 2017)
s3 image url here1.JPG,false,false,s3 profile image url here,ram,4,Traveler photo submitted by Leah Garcia (November 2020)
s3 image url here82.JPG,false,false,s3 profile image url here,lolva,2,Traveler photo submitted by Maude Wheeler (July 2015)
s3 image url here73.JPG,false,false,s3 profile image url here,bu,5,Traveler photo submitted by Ian Castillo (January 2017)
s3 image url here48.JPG,false,false,s3 profile image url here,nuiphe,0,Traveler photo submitted by Susan Figueroa (September 2016)
s3 image url here13.JPG,false,false,s3 profile image url here,opo,3,Traveler photo submitted by Martha Schwartz (March 2019)
s3 image url here64.JPG,false,false,s3 profile image url here,vi,1,Traveler photo submitted by Luke Page (December 2020)
s3 image url here8.JPG,false,false,s3 profile image url here,nikaf,1,Traveler photo submitted by Leona Webb (August 2020)
s3 image url here41.JPG,false,false,s3 profile image url here,arti,5,Traveler photo submitted by Evan Yates (December 2015)
s3 image url here73.JPG,false,false,s3 profile image url here,bah,0,Traveler photo submitted by Cody Glover (March 2020)
s3 image url here72.JPG,false,false,s3 profile image url here,wut,0,Traveler photo submitted by Estella Lopez (July 2018)
s3 image url here91.JPG,false,false,s3 profile image url here,jadbote,3,Traveler photo submitted by Adam Myers (May 2016)
s3 image url here61.JPG,false,false,s3 profile image url here,vunotgeg,1,Traveler photo submitted by Frank Kim (April 2015)
s3 image url here45.JPG,false,false,s3 profile image url here,ut,3,Traveler photo submitted by Nell Collier (October 2015)
s3 image url here42.JPG,false,false,s3 profile image url here,ec,2,Traveler photo submitted by Lawrence McGuire (December 2016)
s3 image url here24.JPG,false,false,s3 profile image url here,bijnob,5,Traveler photo submitted by Louis Hawkins (April 2019)
s3 image url here4.JPG,false,false,s3 profile image url here,pucsuof,0,Traveler photo submitted by Martha Ramsey (September 2016)
s3 image url here33.JPG,false,false,s3 profile image url here,colbif,4,Traveler photo submitted by Nannie Cortez (August 2016)
s3 image url here76.JPG,false,false,s3 profile image url here,ha,0,Traveler photo submitted by Eleanor Wilson (June 2016)
s3 image url here21.JPG,false,false,s3 profile image url here,zus,2,Traveler photo submitted by Amy Gibbs (January 2020)
s3 image url here71.JPG,false,false,s3 profile image url here,pojen,1,Traveler photo submitted by Albert Morris (November 2015)
s3 image url here22.JPG,false,false,s3 profile image url here,onu,3,Traveler photo submitted by Jon Burgess (December 2019)
s3 image url here37.JPG,false,false,s3 profile image url here,da,1,Traveler photo submitted by Lucinda Guzman (April 2018)
s3 image url here98.JPG,false,false,s3 profile image url here,ib,3,Traveler photo submitted by Amelia Foster (July 2016)
s3 image url here13.JPG,false,false,s3 profile image url here,jegwa,0,Traveler photo submitted by Lucile Larson (August 2020)
s3 image url here60.JPG,false,false,s3 profile image url here,pap,5,Traveler photo submitted by Julian Bishop (December 2015)
s3 image url here43.JPG,false,false,s3 profile image url here,izidijas,2,Traveler photo submitted by Genevieve Brewer (May 2015)
s3 image url here17.JPG,false,false,s3 profile image url here,ahusa,3,Traveler photo submitted by Mayme Francis (November 2017)
s3 image url here37.JPG,false,false,s3 profile image url here,sen,0,Traveler photo submitted by Robert Craig (December 2019)
s3 image url here5.JPG,false,false,s3 profile image url here,bim,3,Traveler photo submitted by Frank Gregory (August 2020)
s3 image url here84.JPG,false,false,s3 profile image url here,lezu,1,Traveler photo submitted by Mike Elliott (September 2016)
s3 image url here73.JPG,false,false,s3 profile image url here,co,3,Traveler photo submitted by Belle Hodges (February 2017)
s3 image url here70.JPG,false,false,s3 profile image url here,ob,3,Traveler photo submitted by Clyde Cox (March 2020)
s3 image url here43.JPG,false,false,s3 profile image url here,osda,2,Traveler photo submitted by Abbie Cole (January 2020)
s3 image url here36.JPG,false,false,s3 profile image url here,darve,2,Traveler photo submitted by Susan Hawkins (February 2019)
s3 image url here87.JPG,false,false,s3 profile image url here,mil,5,Traveler photo submitted by Timothy Gray (August 2018)
s3 image url here85.JPG,false,false,s3 profile image url here,jiw,2,Traveler photo submitted by Dorothy Garrett (September 2019)
s3 image url here5.JPG,false,false,s3 profile image url here,lor,4,Traveler photo submitted by Frederick Dean (February 2020)
s3 image url here62.JPG,false,false,s3 profile image url here,se,4,Traveler photo submitted by Micheal Oliver (June 2018)
s3 image url here50.JPG,false,false,s3 profile image url here,tevwera,4,Traveler photo submitted by Eugene Saunders (April 2018)
s3 image url here26.JPG,false,false,s3 profile image url here,se,1,Traveler photo submitted by Marie Santos (October 2020)
s3 image url here70.JPG,false,false,s3 profile image url here,ruamavab,4,Traveler photo submitted by Nathan Fox (January 2019)
s3 image url here37.JPG,false,false,s3 profile image url here,junawu,0,Traveler photo submitted by Callie Sherman (February 2020)
s3 image url here42.JPG,false,false,s3 profile image url here,dedot,2,Traveler photo submitted by Minnie Stanley (February 2016)
s3 image url here83.JPG,false,false,s3 profile image url here,ke,4,Traveler photo submitted by Hallie Clarke (October 2017)
s3 image url here36.JPG,false,false,s3 profile image url here,ge,0,Traveler photo submitted by Cole Norris (July 2020)
s3 image url here33.JPG,false,false,s3 profile image url here,bihaz,3,Traveler photo submitted by Amelia Phelps (December 2019)
s3 image url here7.JPG,false,false,s3 profile image url here,demuf,3,Traveler photo submitted by Mario Powers (September 2020)
s3 image url here39.JPG,false,false,s3 profile image url here,sajurtiv,2,Traveler photo submitted by Blanche Cannon (June 2019)
s3 image url here73.JPG,false,false,s3 profile image url here,ic,0,Traveler photo submitted by Bobby Herrera (December 2019)
s3 image url here28.JPG,false,false,s3 profile image url here,davmij,1,Traveler photo submitted by Keith Keller (May 2017)
s3 image url here7.JPG,false,false,s3 profile image url here,obuon,1,Traveler photo submitted by Edith Neal (July 2015)
s3 image url here62.JPG,false,false,s3 profile image url here,furkak,0,Traveler photo submitted by Howard Chandler (September 2017)
s3 image url here22.JPG,false,false,s3 profile image url here,ke,2,Traveler photo submitted by Stephen Grant (November 2017)
s3 image url here47.JPG,false,false,s3 profile image url here,cep,4,Traveler photo submitted by Frederick Gomez (April 2016)
s3 image url here25.JPG,false,false,s3 profile image url here,guf,2,Traveler photo submitted by Raymond Christensen (May 2020)
s3 image url here84.JPG,false,false,s3 profile image url here,wemzom,3,Traveler photo submitted by Sadie Medina (January 2019)
s3 image url here70.JPG,false,false,s3 profile image url here,me,4,Traveler photo submitted by Fannie Erickson (August 2019)
s3 image url here16.JPG,false,false,s3 profile image url here,enooraca,0,Traveler photo submitted by Kevin Salazar (May 2016)
s3 image url here93.JPG,false,false,s3 profile image url here,rahvad,4,Traveler photo submitted by Vernon Simon (September 2015)
s3 image url here99.JPG,false,false,s3 profile image url here,olikuw,0,Traveler photo submitted by Gregory Fleming (November 2020)
s3 image url here51.JPG,false,false,s3 profile image url here,cer,4,Traveler photo submitted by Sally Clark (September 2017)
s3 image url here9.JPG,false,false,s3 profile image url here,memido,4,Traveler photo submitted by Nora Yates (March 2017)
s3 image url here91.JPG,false,false,s3 profile image url here,fu,2,Traveler photo submitted by Leo Jones (March 2020)
s3 image url here23.JPG,false,false,s3 profile image url here,tuskiblod,3,Traveler photo submitted by Leroy Bradley (January 2016)
s3 image url here55.JPG,false,false,s3 profile image url here,ujihi,1,Traveler photo submitted by Ryan Ellis (November 2018)
s3 image url here59.JPG,false,false,s3 profile image url here,api,4,Traveler photo submitted by Della McLaughlin (April 2020)
s3 image url here83.JPG,false,false,s3 profile image url here,to,5,Traveler photo submitted by May May (October 2020)
s3 image url here49.JPG,false,false,s3 profile image url here,de,3,Traveler photo submitted by Victoria Sharp (February 2015)
s3 image url here92.JPG,false,false,s3 profile image url here,pubegup,5,Traveler photo submitted by Cameron Reed (October 2015)
s3 image url here27.JPG,false,false,s3 profile image url here,izo,0,Traveler photo submitted by Matilda Klein (October 2020)
s3 image url here3.JPG,false,false,s3 profile image url here,gu,4,Traveler photo submitted by Della McDonald (April 2016)
s3 image url here65.JPG,false,false,s3 profile image url here,zekuh,2,Traveler photo submitted by Birdie Dawson (December 2019)
s3 image url here29.JPG,false,false,s3 profile image url here,cahwogep,3,Traveler photo submitted by Alberta Long (February 2018)
s3 image url here54.JPG,false,false,s3 profile image url here,ciibfa,1,Traveler photo submitted by Jonathan Lambert (May 2017)
s3 image url here69.JPG,false,false,s3 profile image url here,neirila,3,Traveler photo submitted by Lucille Wilkins (April 2015)
s3 image url here47.JPG,false,false,s3 profile image url here,ipgitaja,3,Traveler photo submitted by Rosa Rodriquez (March 2017)
s3 image url here66.JPG,false,false,s3 profile image url here,nifdat,5,Traveler photo submitted by Tommy Drake (March 2020)
s3 image url here85.JPG,false,false,s3 profile image url here,gur,4,Traveler photo submitted by Fannie Owen (April 2017)
s3 image url here52.JPG,false,false,s3 profile image url here,fufeoj,0,Traveler photo submitted by Sam Maldonado (January 2016)
s3 image url here81.JPG,false,false,s3 profile image url here,do,3,Traveler photo submitted by Francis Schwartz (March 2018)
s3 image url here32.JPG,false,false,s3 profile image url here,veva,3,Traveler photo submitted by Dean Lane (December 2015)
s3 image url here60.JPG,false,false,s3 profile image url here,bi,5,Traveler photo submitted by Nannie McCarthy (July 2019)
s3 image url here26.JPG,false,false,s3 profile image url here,miollu,2,Traveler photo submitted by Adam Mason (April 2019)
s3 image url here40.JPG,false,false,s3 profile image url here,ev,5,Traveler photo submitted by Gilbert Soto (January 2018)
s3 image url here95.JPG,false,false,s3 profile image url here,te,2,Traveler photo submitted by Eugene Cobb (November 2019)
s3 image url here55.JPG,false,false,s3 profile image url here,wec,5,Traveler photo submitted by Melvin Garcia (October 2015)
s3 image url here52.JPG,false,false,s3 profile image url here,sawuknef,0,Traveler photo submitted by Roger Copeland (February 2016)
s3 image url here44.JPG,false,false,s3 profile image url here,gejsenris,4,Traveler photo submitted by Sara Graves (March 2018)
s3 image url here36.JPG,false,false,s3 profile image url here,zawwuzwu,4,Traveler photo submitted by Brett Alvarez (November 2017)
s3 image url here68.JPG,false,false,s3 profile image url here,lut,2,Traveler photo submitted by Allie Jackson (September 2016)
s3 image url here63.JPG,false,false,s3 profile image url here,bop,5,Traveler photo submitted by Jimmy Robbins (July 2015)
s3 image url here80.JPG,false,false,s3 profile image url here,irkokri,4,Traveler photo submitted by Cecilia Richardson (November 2016)
s3 image url here56.JPG,false,false,s3 profile image url here,ru,4,Traveler photo submitted by Pearl Benson (November 2016)
s3 image url here43.JPG,false,false,s3 profile image url here,fizo,2,Traveler photo submitted by Christine Ferguson (July 2020)
s3 image url here29.JPG,false,false,s3 profile image url here,jegojjon,0,Traveler photo submitted by Earl Williamson (August 2016)
s3 image url here13.JPG,false,false,s3 profile image url here,fud,5,Traveler photo submitted by Belle Ryan (March 2018)
s3 image url here60.JPG,false,false,s3 profile image url here,wehfunu,0,Traveler photo submitted by Wesley Fowler (May 2018)
s3 image url here58.JPG,false,false,s3 profile image url here,zuferazih,3,Traveler photo submitted by Howard Padilla (April 2020)
s3 image url here60.JPG,false,false,s3 profile image url here,leela,2,Traveler photo submitted by Christian McCarthy (June 2019)
s3 image url here27.JPG,false,false,s3 profile image url here,nov,1,Traveler photo submitted by Earl Cohen (April 2018)
s3 image url here12.JPG,false,false,s3 profile image url here,virik,2,Traveler photo submitted by Lois Reese (August 2019)
s3 image url here76.JPG,false,false,s3 profile image url here,hefkul,1,Traveler photo submitted by Isaiah Moran (March 2016)
s3 image url here32.JPG,false,false,s3 profile image url here,ziwfuko,1,Traveler photo submitted by Lester Scott (April 2015)
s3 image url here62.JPG,false,false,s3 profile image url here,liak,1,Traveler photo submitted by Katharine Howard (July 2016)
s3 image url here64.JPG,false,false,s3 profile image url here,lurte,1,Traveler photo submitted by Hattie Gibbs (May 2016)
s3 image url here65.JPG,false,false,s3 profile image url here,po,2,Traveler photo submitted by Carolyn Maldonado (April 2015)
s3 image url here12.JPG,false,false,s3 profile image url here,woid,2,Traveler photo submitted by Marie Jimenez (February 2020)
s3 image url here8.JPG,false,false,s3 profile image url here,wim,0,Traveler photo submitted by Florence Estrada (April 2019)
s3 image url here6.JPG,false,false,s3 profile image url here,bortovopi,4,Traveler photo submitted by Theodore Bush (December 2019)
s3 image url here48.JPG,false,false,s3 profile image url here,nehu,0,Traveler photo submitted by Mildred Grant (October 2019)
s3 image url here80.JPG,false,false,s3 profile image url here,sodo,4,Traveler photo submitted by Barry Wilkerson (October 2020)
s3 image url here93.JPG,false,false,s3 profile image url here,henovleg,0,Traveler photo submitted by Georgia Gonzalez (July 2018)
s3 image url here93.JPG,false,false,s3 profile image url here,pemotzim,2,Traveler photo submitted by Jim Luna (July 2015)
s3 image url here22.JPG,false,false,s3 profile image url here,ulo,3,Traveler photo submitted by Isabelle Bailey (March 2016)
s3 image url here96.JPG,false,false,s3 profile image url here,lodlavit,0,Traveler photo submitted by Luella Andrews (December 2016)
s3 image url here85.JPG,false,false,s3 profile image url here,ej,5,Traveler photo submitted by Sallie Morton (April 2019)
s3 image url here65.JPG,false,false,s3 profile image url here,do,0,Traveler photo submitted by Evelyn Garrett (November 2017)
s3 image url here27.JPG,false,false,s3 profile image url here,ben,2,Traveler photo submitted by Victor West (March 2015)
s3 image url here35.JPG,false,false,s3 profile image url here,japadnog,5,Traveler photo submitted by Evelyn Schwartz (May 2019)
s3 image url here28.JPG,false,false,s3 profile image url here,cuumeka,4,Traveler photo submitted by Aiden Buchanan (May 2015)
s3 image url here14.JPG,false,false,s3 profile image url here,dimtum,1,Traveler photo submitted by Sylvia Franklin (September 2016)
s3 image url here2.JPG,false,false,s3 profile image url here,on,3,Traveler photo submitted by Cecilia Holmes (January 2019)
s3 image url here61.JPG,false,false,s3 profile image url here,je,1,Traveler photo submitted by Jay Guzman (June 2018)
s3 image url here66.JPG,false,false,s3 profile image url here,safa,1,Traveler photo submitted by Caroline Aguilar (April 2016)
s3 image url here11.JPG,false,false,s3 profile image url here,burebij,5,Traveler photo submitted by Jean Farmer (August 2016)
s3 image url here50.JPG,false,false,s3 profile image url here,odagaz,4,Traveler photo submitted by Cynthia Bass (March 2019)
s3 image url here10.JPG,false,false,s3 profile image url here,tuznemiz,3,Traveler photo submitted by Celia Gutierrez (January 2016)
s3 image url here51.JPG,false,false,s3 profile image url here,taw,1,Traveler photo submitted by Nora Baldwin (July 2018)
s3 image url here98.JPG,false,false,s3 profile image url here,pelakog,2,Traveler photo submitted by Todd Lucas (June 2015)
s3 image url here70.JPG,false,false,s3 profile image url here,ibot,1,Traveler photo submitted by Marcus Foster (June 2015)
s3 image url here78.JPG,false,false,s3 profile image url here,huberove,1,Traveler photo submitted by Lester Coleman (August 2018)
s3 image url here8.JPG,false,false,s3 profile image url here,analezu,4,Traveler photo submitted by Derrick Garner (April 2016)
s3 image url here26.JPG,false,false,s3 profile image url here,zook,2,Traveler photo submitted by Eva Miller (December 2016)
s3 image url here43.JPG,false,false,s3 profile image url here,vuicekuj,4,Traveler photo submitted by Ophelia Swanson (September 2019)
s3 image url here21.JPG,false,false,s3 profile image url here,be,2,Traveler photo submitted by Jacob Yates (August 2017)
s3 image url here70.JPG,false,false,s3 profile image url here,toojofe,1,Traveler photo submitted by Ora Reese (September 2016)
s3 image url here42.JPG,false,false,s3 profile image url here,sop,2,Traveler photo submitted by Nancy Murray (December 2017)
s3 image url here46.JPG,false,false,s3 profile image url here,ce,4,Traveler photo submitted by Jackson Perkins (February 2019)
s3 image url here49.JPG,false,false,s3 profile image url here,ceobinu,4,Traveler photo submitted by Catherine Douglas (April 2016)
s3 image url here21.JPG,false,false,s3 profile image url here,ag,5,Traveler photo submitted by Dora Moreno (November 2020)
s3 image url here100.JPG,false,false,s3 profile image url here,belne,2,Traveler photo submitted by Mabelle Lucas (October 2020)
s3 image url here42.JPG,false,false,s3 profile image url here,mocesir,4,Traveler photo submitted by Brandon Hampton (January 2016)
s3 image url here47.JPG,false,false,s3 profile image url here,jodite,1,Traveler photo submitted by Harriett Anderson (October 2019)
s3 image url here7.JPG,false,false,s3 profile image url here,ar,3,Traveler photo submitted by Jean Richardson (August 2020)
s3 image url here2.JPG,false,false,s3 profile image url here,li,0,Traveler photo submitted by Harvey Murray (November 2016)
s3 image url here73.JPG,false,false,s3 profile image url here,so,4,Traveler photo submitted by Mildred Miller (November 2016)
s3 image url here100.JPG,false,false,s3 profile image url here,asu,1,Traveler photo submitted by Claudia McLaughlin (August 2019)
s3 image url here55.JPG,false,false,s3 profile image url here,jipuw,4,Traveler photo submitted by Emily Torres (May 2015)
s3 image url here49.JPG,false,false,s3 profile image url here,gahugco,0,Traveler photo submitted by Maude Steele (May 2015)
s3 image url here89.JPG,false,false,s3 profile image url here,kehened,4,Traveler photo submitted by Luke Chambers (October 2019)
s3 image url here87.JPG,false,false,s3 profile image url here,ni,0,Traveler photo submitted by Marvin Bowman (December 2015)
s3 image url here90.JPG,false,false,s3 profile image url here,jirevda,3,Traveler photo submitted by Addie Jackson (February 2018)
s3 image url here70.JPG,false,false,s3 profile image url here,wikut,2,Traveler photo submitted by Jesus Kim (May 2018)
s3 image url here59.JPG,false,false,s3 profile image url here,rubkafpi,1,Traveler photo submitted by Etta Anderson (April 2019)
s3 image url here51.JPG,false,false,s3 profile image url here,iv,4,Traveler photo submitted by Lily Wells (November 2017)
s3 image url here30.JPG,false,false,s3 profile image url here,nac,1,Traveler photo submitted by Jerry Christensen (May 2019)
s3 image url here33.JPG,false,false,s3 profile image url here,pawef,3,Traveler photo submitted by Myrtie Park (August 2015)
s3 image url here29.JPG,false,false,s3 profile image url here,didnar,5,Traveler photo submitted by Viola Doyle (November 2015)
s3 image url here4.JPG,false,false,s3 profile image url here,jekgudi,3,Traveler photo submitted by Frances Arnold (April 2015)
s3 image url here70.JPG,false,false,s3 profile image url here,gugketa,1,Traveler photo submitted by Isabella Lawrence (August 2019)
s3 image url here93.JPG,false,false,s3 profile image url here,bul,0,Traveler photo submitted by Derek Erickson (September 2017)
s3 image url here84.JPG,false,false,s3 profile image url here,lenoco,1,Traveler photo submitted by Grace Leonard (July 2020)
s3 image url here29.JPG,false,false,s3 profile image url here,wed,5,Traveler photo submitted by Jason Sanders (December 2017)
s3 image url here19.JPG,false,false,s3 profile image url here,vufvew,3,Traveler photo submitted by Fanny Gardner (June 2015)
s3 image url here85.JPG,false,false,s3 profile image url here,takufi,1,Traveler photo submitted by Margaret Logan (April 2015)
s3 image url here43.JPG,false,false,s3 profile image url here,zaha,4,Traveler photo submitted by Ivan Goodman (April 2015)
s3 image url here100.JPG,false,false,s3 profile image url here,gude,5,Traveler photo submitted by Duane Stanley (January 2015)
s3 image url here33.JPG,false,false,s3 profile image url here,pematred,1,Traveler photo submitted by Helen Thomas (February 2020)
s3 image url here74.JPG,false,false,s3 profile image url here,fo,1,Traveler photo submitted by Katherine Cortez (February 2018)
s3 image url here4.JPG,false,false,s3 profile image url here,heni,0,Traveler photo submitted by Jennie Robbins (July 2016)
s3 image url here34.JPG,false,false,s3 profile image url here,bo,1,Traveler photo submitted by Gordon Hart (January 2019)
s3 image url here62.JPG,false,false,s3 profile image url here,ozlodfi,3,Traveler photo submitted by Justin Moore (January 2016)
s3 image url here16.JPG,false,false,s3 profile image url here,gupwi,4,Traveler photo submitted by Ruby Jordan (January 2020)
s3 image url here67.JPG,false,false,s3 profile image url here,furwuh,4,Traveler photo submitted by Gabriel Porter (May 2020)
s3 image url here21.JPG,false,false,s3 profile image url here,uta,5,Traveler photo submitted by Christian Ramsey (September 2020)
s3 image url here10.JPG,false,false,s3 profile image url here,uvpib,3,Traveler photo submitted by Dollie Reese (October 2015)
s3 image url here91.JPG,false,false,s3 profile image url here,zavpoj,2,Traveler photo submitted by Betty Price (August 2020)
s3 image url here6.JPG,false,false,s3 profile image url here,soclinuc,1,Traveler photo submitted by Sarah Glover (July 2016)
s3 image url here23.JPG,false,false,s3 profile image url here,pel,1,Traveler photo submitted by Annie Ford (August 2018)
s3 image url here81.JPG,false,false,s3 profile image url here,ev,1,Traveler photo submitted by Bess Hughes (March 2020)
s3 image url here44.JPG,false,false,s3 profile image url here,kaljeloh,4,Traveler photo submitted by Frances Norris (February 2015)
s3 image url here3.JPG,false,false,s3 profile image url here,kuazo,0,Traveler photo submitted by Ronnie Glover (February 2017)
s3 image url here64.JPG,false,false,s3 profile image url here,mobotjun,5,Traveler photo submitted by Ella Cross (December 2016)
s3 image url here81.JPG,false,false,s3 profile image url here,cosrodrot,5,Traveler photo submitted by Anthony Dennis (December 2016)
s3 image url here43.JPG,false,false,s3 profile image url here,metuctac,4,Traveler photo submitted by Russell Adams (January 2015)
s3 image url here52.JPG,false,false,s3 profile image url here,bir,3,Traveler photo submitted by Lucile Massey (April 2018)
s3 image url here68.JPG,false,false,s3 profile image url here,li,5,Traveler photo submitted by Ellen Stanley (February 2016)
s3 image url here79.JPG,false,false,s3 profile image url here,obi,4,Traveler photo submitted by Ernest Ross (February 2015)
s3 image url here100.JPG,false,false,s3 profile image url here,vu,3,Traveler photo submitted by Ola Ray (July 2018)
s3 image url here24.JPG,false,false,s3 profile image url here,hiwpe,3,Traveler photo submitted by Christian Bass (November 2020)
s3 image url here14.JPG,false,false,s3 profile image url here,tehahube,4,Traveler photo submitted by Elnora Garner (November 2015)
s3 image url here80.JPG,false,false,s3 profile image url here,wa,0,Traveler photo submitted by Max Sandoval (August 2020)
s3 image url here55.JPG,false,false,s3 profile image url here,re,0,Traveler photo submitted by Rosalie Todd (April 2018)
s3 image url here74.JPG,false,false,s3 profile image url here,fuhewa,5,Traveler photo submitted by Nellie Townsend (April 2016)
s3 image url here90.JPG,false,false,s3 profile image url here,cakerdu,4,Traveler photo submitted by Mabel Nelson (October 2017)
s3 image url here1.JPG,false,false,s3 profile image url here,zisu,1,Traveler photo submitted by Elmer Wheeler (September 2015)
s3 image url here73.JPG,false,false,s3 profile image url here,hopu,1,Traveler photo submitted by Lenora Wood (January 2018)
s3 image url here77.JPG,false,false,s3 profile image url here,lu,2,Traveler photo submitted by Lilly Dawson (November 2017)
s3 image url here74.JPG,false,false,s3 profile image url here,adcow,3,Traveler photo submitted by Luis Carter (October 2018)
s3 image url here50.JPG,false,false,s3 profile image url here,jijuv,5,Traveler photo submitted by Ruby Morris (November 2016)
s3 image url here31.JPG,false,false,s3 profile image url here,ub,3,Traveler photo submitted by Thomas Dennis (June 2020)
s3 image url here89.JPG,false,false,s3 profile image url here,zistaz,0,Traveler photo submitted by Harriet Dixon (June 2016)
s3 image url here34.JPG,false,false,s3 profile image url here,bohso,2,Traveler photo submitted by Lucy Romero (June 2020)
s3 image url here27.JPG,false,false,s3 profile image url here,imvitbi,5,Traveler photo submitted by Lucille Hughes (March 2016)
s3 image url here61.JPG,false,false,s3 profile image url here,can,2,Traveler photo submitted by Lottie Murray (March 2018)
s3 image url here20.JPG,false,false,s3 profile image url here,afhiho,5,Traveler photo submitted by Charles Richardson (January 2015)
s3 image url here71.JPG,false,false,s3 profile image url here,tutod,2,Traveler photo submitted by Landon Fleming (November 2017)
s3 image url here99.JPG,false,false,s3 profile image url here,dizaj,5,Traveler photo submitted by Roy Swanson (November 2018)
s3 image url here77.JPG,false,false,s3 profile image url here,rarbam,2,Traveler photo submitted by Joe Phelps (November 2020)
s3 image url here9.JPG,false,false,s3 profile image url here,eci,0,Traveler photo submitted by Timothy Parks (June 2018)
s3 image url here60.JPG,false,false,s3 profile image url here,redefpin,3,Traveler photo submitted by Travis Kelley (January 2017)
s3 image url here93.JPG,false,false,s3 profile image url here,nod,0,Traveler photo submitted by Dominic Ryan (February 2020)
s3 image url here10.JPG,false,false,s3 profile image url here,zi,0,Traveler photo submitted by Elijah Burns (March 2017)
s3 image url here73.JPG,false,false,s3 profile image url here,nafpulod,3,Traveler photo submitted by Ophelia Nunez (November 2020)
s3 image url here36.JPG,false,false,s3 profile image url here,dujip,1,Traveler photo submitted by Jerome Moss (July 2017)
s3 image url here68.JPG,false,false,s3 profile image url here,eko,0,Traveler photo submitted by Darrell Barton (October 2020)
s3 image url here30.JPG,false,false,s3 profile image url here,pabcuwpuc,2,Traveler photo submitted by Alta Lee (September 2018)
s3 image url here44.JPG,false,false,s3 profile image url here,cucwabapi,3,Traveler photo submitted by Carrie Wong (September 2020)
s3 image url here11.JPG,false,false,s3 profile image url here,se,2,Traveler photo submitted by Daniel Carpenter (October 2015)
s3 image url here96.JPG,false,false,s3 profile image url here,ab,4,Traveler photo submitted by Adrian Todd (April 2019)
s3 image url here31.JPG,false,false,s3 profile image url here,gelo,5,Traveler photo submitted by Maude Cohen (February 2017)
s3 image url here39.JPG,false,false,s3 profile image url here,eri,0,Traveler photo submitted by Myrtie Warner (June 2015)
s3 image url here76.JPG,false,false,s3 profile image url here,fe,3,Traveler photo submitted by Tony Franklin (August 2017)
s3 image url here98.JPG,false,false,s3 profile image url here,nilgo,2,Traveler photo submitted by Bess Vega (April 2017)
s3 image url here7.JPG,false,false,s3 profile image url here,uhiit,1,Traveler photo submitted by Steve Dawson (November 2016)
s3 image url here7.JPG,false,false,s3 profile image url here,wipobro,4,Traveler photo submitted by Louisa Thomas (December 2018)
s3 image url here26.JPG,false,false,s3 profile image url here,eba,2,Traveler photo submitted by Joel Walton (January 2018)
s3 image url here50.JPG,false,false,s3 profile image url here,wif,5,Traveler photo submitted by Eleanor Hamilton (March 2019)
s3 image url here71.JPG,false,false,s3 profile image url here,iwfidja,1,Traveler photo submitted by Lelia Silva (June 2017)
s3 image url here96.JPG,false,false,s3 profile image url here,uso,5,Traveler photo submitted by Ellen Garcia (December 2018)
s3 image url here72.JPG,false,false,s3 profile image url here,fifluf,3,Traveler photo submitted by Sean Valdez (November 2020)
s3 image url here54.JPG,false,false,s3 profile image url here,mudko,0,Traveler photo submitted by Seth Moreno (April 2016)
s3 image url here53.JPG,false,false,s3 profile image url here,kotovfa,4,Traveler photo submitted by Peter McLaughlin (November 2015)
s3 image url here39.JPG,false,false,s3 profile image url here,luspafjil,1,Traveler photo submitted by Claudia Carlson (January 2020)
s3 image url here83.JPG,false,false,s3 profile image url here,ir,2,Traveler photo submitted by Louisa Sandoval (September 2020)
s3 image url here55.JPG,false,false,s3 profile image url here,wiviwadeb,4,Traveler photo submitted by Inez McCarthy (May 2020)
s3 image url here60.JPG,false,false,s3 profile image url here,fez,1,Traveler photo submitted by Jessie Austin (January 2019)
s3 image url here69.JPG,false,false,s3 profile image url here,duzte,0,Traveler photo submitted by Daniel Davidson (June 2018)
s3 image url here11.JPG,false,false,s3 profile image url here,vedhidji,4,Traveler photo submitted by Terry Green (February 2015)
s3 image url here43.JPG,false,false,s3 profile image url here,va,1,Traveler photo submitted by Madge Cannon (October 2019)
s3 image url here88.JPG,false,false,s3 profile image url here,to,1,Traveler photo submitted by Derrick Osborne (August 2019)
s3 image url here62.JPG,false,false,s3 profile image url here,jomaug,5,Traveler photo submitted by Alberta Harrison (April 2015)
s3 image url here58.JPG,false,false,s3 profile image url here,dawasojo,3,Traveler photo submitted by Josephine Hunter (August 2020)
s3 image url here93.JPG,false,false,s3 profile image url here,dupsiha,2,Traveler photo submitted by Betty Morton (January 2018)
s3 image url here9.JPG,false,false,s3 profile image url here,ige,2,Traveler photo submitted by Winifred Hogan (February 2020)
s3 image url here86.JPG,false,false,s3 profile image url here,welovanu,5,Traveler photo submitted by Tillie Sandoval (November 2016)
s3 image url here83.JPG,false,false,s3 profile image url here,wad,4,Traveler photo submitted by Dean Stanley (March 2015)
s3 image url here6.JPG,false,false,s3 profile image url here,uz,0,Traveler photo submitted by Estelle Quinn (December 2016)
s3 image url here21.JPG,false,false,s3 profile image url here,guturtof,3,Traveler photo submitted by Luella Malone (February 2019)
s3 image url here2.JPG,false,false,s3 profile image url here,fucukat,3,Traveler photo submitted by Martha Howard (January 2020)
s3 image url here2.JPG,false,false,s3 profile image url here,ajeunu,4,Traveler photo submitted by Maurice Dixon (August 2016)
s3 image url here43.JPG,false,false,s3 profile image url here,kawwep,1,Traveler photo submitted by Eugene Wells (February 2020)
s3 image url here95.JPG,false,false,s3 profile image url here,huk,0,Traveler photo submitted by Evan Moran (May 2018)
s3 image url here77.JPG,false,false,s3 profile image url here,bo,2,Traveler photo submitted by Duane Walsh (April 2020)
s3 image url here58.JPG,false,false,s3 profile image url here,pig,0,Traveler photo submitted by Mike Ball (February 2016)
s3 image url here33.JPG,false,false,s3 profile image url here,hevuguse,4,Traveler photo submitted by Raymond Gonzalez (September 2015)
s3 image url here26.JPG,false,false,s3 profile image url here,zinid,5,Traveler photo submitted by Victoria Pope (June 2015)
s3 image url here8.JPG,false,false,s3 profile image url here,gil,5,Traveler photo submitted by Christina Yates (December 2019)
s3 image url here93.JPG,false,false,s3 profile image url here,fakehu,1,Traveler photo submitted by Franklin Hill (September 2020)
s3 image url here26.JPG,false,false,s3 profile image url here,zegho,2,Traveler photo submitted by Dean Cobb (October 2019)
s3 image url here58.JPG,false,false,s3 profile image url here,wit,0,Traveler photo submitted by Albert Caldwell (September 2017)
s3 image url here60.JPG,false,false,s3 profile image url here,bat,5,Traveler photo submitted by Maggie Parsons (May 2017)
s3 image url here19.JPG,false,false,s3 profile image url here,jepji,0,Traveler photo submitted by Florence Reynolds (May 2017)
s3 image url here54.JPG,false,false,s3 profile image url here,ik,2,Traveler photo submitted by Steven Klein (October 2020)
s3 image url here63.JPG,false,false,s3 profile image url here,uri,1,Traveler photo submitted by Alice Adams (September 2016)
s3 image url here13.JPG,false,false,s3 profile image url here,tuniaka,1,Traveler photo submitted by Alan Sims (August 2019)
s3 image url here41.JPG,false,false,s3 profile image url here,izzatjap,4,Traveler photo submitted by Leonard Maxwell (December 2017)
s3 image url here55.JPG,false,false,s3 profile image url here,gawrateb,2,Traveler photo submitted by Bruce Delgado (August 2020)
s3 image url here75.JPG,false,false,s3 profile image url here,di,5,Traveler photo submitted by Lucille Hernandez (October 2018)
s3 image url here90.JPG,false,false,s3 profile image url here,cureti,0,Traveler photo submitted by David Butler (April 2017)
s3 image url here42.JPG,false,false,s3 profile image url here,mihulru,3,Traveler photo submitted by Dennis Lawson (May 2015)
s3 image url here26.JPG,false,false,s3 profile image url here,sawohun,1,Traveler photo submitted by Viola Osborne (January 2019)
s3 image url here36.JPG,false,false,s3 profile image url here,fedlazi,0,Traveler photo submitted by Larry Brock (May 2020)
s3 image url here65.JPG,false,false,s3 profile image url here,ifa,5,Traveler photo submitted by Abbie Schneider (June 2017)
s3 image url here50.JPG,false,false,s3 profile image url here,riczut,3,Traveler photo submitted by Elmer Marsh (September 2019)
s3 image url here77.JPG,false,false,s3 profile image url here,mogo,0,Traveler photo submitted by Marie Curtis (March 2018)
s3 image url here38.JPG,false,false,s3 profile image url here,liw,3,Traveler photo submitted by Phillip Washington (June 2020)
s3 image url here11.JPG,false,false,s3 profile image url here,wiwazorur,3,Traveler photo submitted by Ivan Jackson (October 2019)
s3 image url here94.JPG,false,false,s3 profile image url here,dujisu,0,Traveler photo submitted by Evan Carroll (February 2016)
s3 image url here61.JPG,false,false,s3 profile image url here,koneh,0,Traveler photo submitted by Joe Clayton (December 2019)
s3 image url here36.JPG,false,false,s3 profile image url here,ahto,5,Traveler photo submitted by Harry Kelley (July 2020)
s3 image url here86.JPG,false,false,s3 profile image url here,id,5,Traveler photo submitted by Sadie Reyes (September 2019)
s3 image url here4.JPG,false,false,s3 profile image url here,jursukaga,2,Traveler photo submitted by Eugene Schultz (July 2020)
s3 image url here44.JPG,false,false,s3 profile image url here,ogezoneh,4,Traveler photo submitted by Bernard Wallace (April 2018)
s3 image url here53.JPG,false,false,s3 profile image url here,ki,4,Traveler photo submitted by Katie Munoz (May 2016)
s3 image url here65.JPG,false,false,s3 profile image url here,ta,4,Traveler photo submitted by Mike Bowers (August 2015)
s3 image url here56.JPG,false,false,s3 profile image url here,uzece,0,Traveler photo submitted by Miguel Park (May 2015)
s3 image url here86.JPG,false,false,s3 profile image url here,coj,5,Traveler photo submitted by Edna Crawford (July 2019)
s3 image url here34.JPG,false,false,s3 profile image url here,rol,0,Traveler photo submitted by Mary Collier (May 2017)
s3 image url here36.JPG,false,false,s3 profile image url here,ip,3,Traveler photo submitted by Jim Coleman (December 2015)
s3 image url here74.JPG,false,false,s3 profile image url here,komzecfev,3,Traveler photo submitted by Derek Carroll (February 2017)
s3 image url here5.JPG,false,false,s3 profile image url here,feliti,2,Traveler photo submitted by Johanna Pittman (August 2018)
s3 image url here40.JPG,false,false,s3 profile image url here,rontew,4,Traveler photo submitted by Gertrude Johnson (March 2019)
s3 image url here56.JPG,false,false,s3 profile image url here,wopagel,5,Traveler photo submitted by Derek Snyder (June 2019)
s3 image url here69.JPG,false,false,s3 profile image url here,mo,2,Traveler photo submitted by Jane McKinney (January 2016)
s3 image url here92.JPG,false,false,s3 profile image url here,cukjaop,4,Traveler photo submitted by William Greer (May 2019)
s3 image url here97.JPG,false,false,s3 profile image url here,ge,0,Traveler photo submitted by Olive Mason (June 2016)
s3 image url here56.JPG,false,false,s3 profile image url here,zu,1,Traveler photo submitted by Mathilda Maldonado (February 2016)
s3 image url here84.JPG,false,false,s3 profile image url here,opjiuz,2,Traveler photo submitted by Cody Washington (May 2015)
s3 image url here13.JPG,false,false,s3 profile image url here,fakiki,1,Traveler photo submitted by Rosalie Sims (March 2017)
s3 image url here21.JPG,false,false,s3 profile image url here,gi,4,Traveler photo submitted by Lucy Fitzgerald (March 2019)
s3 image url here46.JPG,false,false,s3 profile image url here,getniplid,1,Traveler photo submitted by Lillie Aguilar (February 2018)
s3 image url here77.JPG,false,false,s3 profile image url here,vejvo,3,Traveler photo submitted by Donald Pierce (September 2017)
s3 image url here18.JPG,false,false,s3 profile image url here,sibu,3,Traveler photo submitted by Daniel Spencer (October 2015)
s3 image url here3.JPG,false,false,s3 profile image url here,moeh,4,Traveler photo submitted by Estelle Bates (June 2020)
s3 image url here36.JPG,false,false,s3 profile image url here,he,0,Traveler photo submitted by Leona Hamilton (June 2019)
s3 image url here2.JPG,false,false,s3 profile image url here,ges,1,Traveler photo submitted by Jimmy Shaw (July 2017)
s3 image url here49.JPG,false,false,s3 profile image url here,vudawha,2,Traveler photo submitted by Claudia Parker (September 2017)
s3 image url here81.JPG,false,false,s3 profile image url here,wij,4,Traveler photo submitted by Norman Holmes (April 2020)
s3 image url here12.JPG,false,false,s3 profile image url here,paniv,3,Traveler photo submitted by Theodore Cooper (June 2016)
s3 image url here78.JPG,false,false,s3 profile image url here,zem,1,Traveler photo submitted by Clayton Webster (September 2016)
s3 image url here24.JPG,false,false,s3 profile image url here,seceh,2,Traveler photo submitted by Carlos Coleman (September 2017)
s3 image url here1.JPG,false,false,s3 profile image url here,kirahi,1,Traveler photo submitted by Jane Johnson (January 2019)
s3 image url here99.JPG,false,false,s3 profile image url here,mojroh,1,Traveler photo submitted by Cameron Bell (July 2018)
s3 image url here9.JPG,false,false,s3 profile image url here,upbu,1,Traveler photo submitted by Lenora Guzman (January 2015)
s3 image url here40.JPG,false,false,s3 profile image url here,cepod,2,Traveler photo submitted by Fannie Banks (April 2019)
s3 image url here81.JPG,false,false,s3 profile image url here,ric,0,Traveler photo submitted by Gary Sullivan (March 2018)
s3 image url here81.JPG,false,false,s3 profile image url here,taofe,4,Traveler photo submitted by Kenneth Pierce (February 2015)
s3 image url here85.JPG,false,false,s3 profile image url here,fiw,5,Traveler photo submitted by Abbie Banks (July 2020)
s3 image url here70.JPG,false,false,s3 profile image url here,ciuhima,3,Traveler photo submitted by Adeline Adkins (December 2020)
s3 image url here41.JPG,false,false,s3 profile image url here,luewul,4,Traveler photo submitted by Mollie Turner (September 2019)
s3 image url here57.JPG,false,false,s3 profile image url here,es,1,Traveler photo submitted by Ola Burton (December 2015)
s3 image url here38.JPG,false,false,s3 profile image url here,muvehowa,0,Traveler photo submitted by Calvin Stewart (May 2019)
s3 image url here23.JPG,false,false,s3 profile image url here,ifo,5,Traveler photo submitted by Glenn Tate (July 2018)
s3 image url here64.JPG,false,false,s3 profile image url here,lamez,4,Traveler photo submitted by Lulu McCarthy (February 2015)
s3 image url here62.JPG,false,false,s3 profile image url here,weefku,5,Traveler photo submitted by Evan Carlson (October 2017)
s3 image url here36.JPG,false,false,s3 profile image url here,avu,0,Traveler photo submitted by Eunice Ray (February 2020)
s3 image url here94.JPG,false,false,s3 profile image url here,ga,3,Traveler photo submitted by Marion Alexander (November 2018)
s3 image url here25.JPG,false,false,s3 profile image url here,fik,0,Traveler photo submitted by Frances Glover (August 2017)
s3 image url here31.JPG,false,false,s3 profile image url here,di,4,Traveler photo submitted by May Tate (September 2015)
s3 image url here99.JPG,false,false,s3 profile image url here,unu,4,Traveler photo submitted by Joshua Bell (December 2020)
s3 image url here95.JPG,false,false,s3 profile image url here,fed,3,Traveler photo submitted by Ida Potter (December 2016)
s3 image url here6.JPG,false,false,s3 profile image url here,cehbisa,5,Traveler photo submitted by Dollie Woods (December 2020)
s3 image url here71.JPG,false,false,s3 profile image url here,gohbupumo,0,Traveler photo submitted by Mayme Powell (May 2017)
s3 image url here4.JPG,false,false,s3 profile image url here,ena,5,Traveler photo submitted by Hettie Roberts (October 2018)
s3 image url here69.JPG,false,false,s3 profile image url here,munuvup,4,Traveler photo submitted by Lillian Bush (January 2016)
s3 image url here18.JPG,false,false,s3 profile image url here,itoha,3,Traveler photo submitted by Virgie Norman (January 2019)
s3 image url here43.JPG,false,false,s3 profile image url here,ujupofto,3,Traveler photo submitted by Jessie Cobb (August 2018)
s3 image url here19.JPG,false,false,s3 profile image url here,buwukti,1,Traveler photo submitted by Jesus Gross (May 2018)
s3 image url here57.JPG,false,false,s3 profile image url here,foavaezi,0,Traveler photo submitted by Caroline Cox (July 2016)
s3 image url here40.JPG,false,false,s3 profile image url here,fuzet,2,Traveler photo submitted by Jennie Richardson (July 2020)
s3 image url here55.JPG,false,false,s3 profile image url here,dam,0,Traveler photo submitted by Sylvia Romero (July 2018)
s3 image url here54.JPG,false,false,s3 profile image url here,zivarez,1,Traveler photo submitted by Alberta Rivera (February 2016)
s3 image url here26.JPG,false,false,s3 profile image url here,duknin,1,Traveler photo submitted by Devin Bass (October 2020)
s3 image url here44.JPG,false,false,s3 profile image url here,lalka,5,Traveler photo submitted by Jordan Fox (February 2015)
s3 image url here8.JPG,false,false,s3 profile image url here,avles,4,Traveler photo submitted by Luella Wright (July 2016)
s3 image url here54.JPG,false,false,s3 profile image url here,az,0,Traveler photo submitted by Carlos Perez (May 2018)
s3 image url here23.JPG,false,false,s3 profile image url here,tomep,3,Traveler photo submitted by Jeff Butler (January 2015)
s3 image url here14.JPG,false,false,s3 profile image url here,fikduuh,3,Traveler photo submitted by Tom Williams (April 2016)
s3 image url here7.JPG,false,false,s3 profile image url here,kodew,0,Traveler photo submitted by Chad Roberson (March 2016)
s3 image url here86.JPG,false,false,s3 profile image url here,idhaoku,4,Traveler photo submitted by Winifred Gregory (January 2018)
s3 image url here9.JPG,false,false,s3 profile image url here,jiokafit,5,Traveler photo submitted by Steve Burton (February 2016)
s3 image url here77.JPG,false,false,s3 profile image url here,pifhese,0,Traveler photo submitted by Cora Taylor (April 2016)
s3 image url here99.JPG,false,false,s3 profile image url here,otetun,1,Traveler photo submitted by Ricky Walker (June 2020)
s3 image url here30.JPG,false,false,s3 profile image url here,mocuj,1,Traveler photo submitted by Eddie Sparks (April 2020)
s3 image url here11.JPG,false,false,s3 profile image url here,sawce,0,Traveler photo submitted by Mayme Bowen (November 2019)
s3 image url here81.JPG,false,false,s3 profile image url here,fe,2,Traveler photo submitted by Thomas Davis (May 2015)
s3 image url here43.JPG,false,false,s3 profile image url here,akhak,0,Traveler photo submitted by Minnie Higgins (October 2015)
s3 image url here59.JPG,false,false,s3 profile image url here,jiujevif,5,Traveler photo submitted by Ruby Patton (May 2017)
s3 image url here96.JPG,false,false,s3 profile image url here,amku,3,Traveler photo submitted by Virginia Terry (October 2020)
s3 image url here74.JPG,false,false,s3 profile image url here,aki,5,Traveler photo submitted by Estelle Bowen (June 2017)
s3 image url here75.JPG,false,false,s3 profile image url here,diece,2,Traveler photo submitted by Leona Romero (January 2019)
s3 image url here2.JPG,false,false,s3 profile image url here,gip,3,Traveler photo submitted by Sally Henderson (May 2015)
s3 image url here37.JPG,false,false,s3 profile image url here,ecefe,0,Traveler photo submitted by Bertie Fox (June 2018)
s3 image url here20.JPG,false,false,s3 profile image url here,guwuhbi,2,Traveler photo submitted by Roger Mendez (May 2015)
s3 image url here29.JPG,false,false,s3 profile image url here,rinel,4,Traveler photo submitted by Marcus Clark (May 2019)
s3 image url here58.JPG,false,false,s3 profile image url here,ku,4,Traveler photo submitted by Carl Stephens (October 2017)
s3 image url here33.JPG,false,false,s3 profile image url here,tiaka,2,Traveler photo submitted by Kathryn Fuller (October 2017)
s3 image url here64.JPG,false,false,s3 profile image url here,ko,0,Traveler photo submitted by Francisco Cannon (July 2015)
s3 image url here14.JPG,false,false,s3 profile image url here,gesihu,0,Traveler photo submitted by Douglas Tucker (December 2015)
s3 image url here77.JPG,false,false,s3 profile image url here,de,0,Traveler photo submitted by Cory Walton (October 2019)
s3 image url here65.JPG,false,false,s3 profile image url here,bi,0,Traveler photo submitted by Amelia Dennis (June 2020)
s3 image url here94.JPG,false,false,s3 profile image url here,kiv,1,Traveler photo submitted by Betty Watson (August 2020)
s3 image url here85.JPG,false,false,s3 profile image url here,uwugujev,5,Traveler photo submitted by Dylan Elliott (June 2019)
s3 image url here61.JPG,false,false,s3 profile image url here,pakune,1,Traveler photo submitted by Lilly Carpenter (June 2015)
s3 image url here37.JPG,false,false,s3 profile image url here,havezo,5,Traveler photo submitted by Lillian George (August 2015)
s3 image url here19.JPG,false,false,s3 profile image url here,odi,1,Traveler photo submitted by Bruce Wilkins (July 2019)
s3 image url here30.JPG,false,false,s3 profile image url here,asezu,4,Traveler photo submitted by Maude Norman (March 2019)
s3 image url here39.JPG,false,false,s3 profile image url here,lodual,4,Traveler photo submitted by Louis Blake (October 2017)
s3 image url here61.JPG,false,false,s3 profile image url here,coh,2,Traveler photo submitted by Christina Jordan (June 2020)
s3 image url here50.JPG,false,false,s3 profile image url here,ewjovep,1,Traveler photo submitted by Nannie Marshall (November 2017)
s3 image url here94.JPG,false,false,s3 profile image url here,pil,5,Traveler photo submitted by Corey Powell (July 2015)
s3 image url here19.JPG,false,false,s3 profile image url here,houmda,1,Traveler photo submitted by Lenora Evans (December 2016)
s3 image url here29.JPG,false,false,s3 profile image url here,nezides,1,Traveler photo submitted by Agnes McCormick (February 2019)
s3 image url here35.JPG,false,false,s3 profile image url here,juew,4,Traveler photo submitted by Carolyn Bates (November 2019)
s3 image url here8.JPG,false,false,s3 profile image url here,ujula,5,Traveler photo submitted by Luke Rodriquez (May 2015)
s3 image url here63.JPG,false,false,s3 profile image url here,pir,2,Traveler photo submitted by Jack Perez (March 2015)
s3 image url here37.JPG,false,false,s3 profile image url here,gasal,0,Traveler photo submitted by Ethel George (August 2020)
s3 image url here79.JPG,false,false,s3 profile image url here,bek,1,Traveler photo submitted by Elizabeth Johnston (May 2017)
s3 image url here72.JPG,false,false,s3 profile image url here,mabjabza,1,Traveler photo submitted by Glen Hudson (February 2018)
s3 image url here12.JPG,false,false,s3 profile image url here,horuduhi,1,Traveler photo submitted by Roy Blair (January 2017)
s3 image url here71.JPG,false,false,s3 profile image url here,koeg,4,Traveler photo submitted by Edith Hudson (February 2018)
s3 image url here75.JPG,false,false,s3 profile image url here,cozon,0,Traveler photo submitted by Rosalie Torres (April 2016)
s3 image url here21.JPG,false,false,s3 profile image url here,wuzi,0,Traveler photo submitted by Michael Garcia (March 2017)
s3 image url here12.JPG,false,false,s3 profile image url here,talro,5,Traveler photo submitted by Ronald Allison (December 2020)
s3 image url here58.JPG,false,false,s3 profile image url here,virceko,5,Traveler photo submitted by Sylvia Scott (February 2017)
s3 image url here46.JPG,false,false,s3 profile image url here,zosevi,3,Traveler photo submitted by Amelia May (February 2020)
s3 image url here86.JPG,false,false,s3 profile image url here,sol,5,Traveler photo submitted by Brett Webb (October 2018)
s3 image url here76.JPG,false,false,s3 profile image url here,fimmo,5,Traveler photo submitted by Lucile Henry (August 2015)
s3 image url here66.JPG,false,false,s3 profile image url here,simfituh,4,Traveler photo submitted by Pearl Collier (July 2020)
s3 image url here24.JPG,false,false,s3 profile image url here,jejka,4,Traveler photo submitted by Joel Francis (April 2015)
s3 image url here78.JPG,false,false,s3 profile image url here,ag,5,Traveler photo submitted by Billy Flowers (December 2018)
s3 image url here22.JPG,false,false,s3 profile image url here,pobano,1,Traveler photo submitted by Lulu Miller (March 2020)
s3 image url here92.JPG,false,false,s3 profile image url here,eniva,0,Traveler photo submitted by Cole Simpson (June 2018)
s3 image url here23.JPG,false,false,s3 profile image url here,fec,0,Traveler photo submitted by Caleb French (November 2015)
s3 image url here15.JPG,false,false,s3 profile image url here,folnaza,1,Traveler photo submitted by Anne Torres (February 2017)
s3 image url here76.JPG,false,false,s3 profile image url here,he,0,Traveler photo submitted by Gene Ramirez (November 2016)
s3 image url here88.JPG,false,false,s3 profile image url here,gisirsen,2,Traveler photo submitted by Walter Tran (February 2015)
s3 image url here21.JPG,false,false,s3 profile image url here,igirbu,2,Traveler photo submitted by Teresa Aguilar (April 2018)
s3 image url here7.JPG,false,false,s3 profile image url here,wejsa,5,Traveler photo submitted by Bernice McCarthy (October 2019)
s3 image url here58.JPG,false,false,s3 profile image url here,monbe,5,Traveler photo submitted by Gilbert Lindsey (October 2020)
s3 image url here44.JPG,false,false,s3 profile image url here,ehuec,2,Traveler photo submitted by Emma Sparks (June 2017)
s3 image url here48.JPG,false,false,s3 profile image url here,cug,4,Traveler photo submitted by Kenneth Thornton (April 2015)
s3 image url here27.JPG,false,false,s3 profile image url here,ilo,0,Traveler photo submitted by Abbie Ruiz (February 2019)
s3 image url here92.JPG,false,false,s3 profile image url here,evamu,1,Traveler photo submitted by Jared Alexander (May 2019)
s3 image url here3.JPG,false,false,s3 profile image url here,tojehtuw,3,Traveler photo submitted by Justin Baker (December 2020)
s3 image url here43.JPG,false,false,s3 profile image url here,virvini,3,Traveler photo submitted by Cameron Marshall (June 2020)
s3 image url here15.JPG,false,false,s3 profile image url here,sulula,1,Traveler photo submitted by Garrett Cunningham (November 2017)
s3 image url here23.JPG,false,false,s3 profile image url here,hu,3,Traveler photo submitted by Philip Wheeler (May 2016)
s3 image url here23.JPG,false,false,s3 profile image url here,le,0,Traveler photo submitted by Lina Holloway (February 2020)
s3 image url here94.JPG,false,false,s3 profile image url here,zop,2,Traveler photo submitted by Maude Johnson (February 2020)
s3 image url here56.JPG,false,false,s3 profile image url here,co,3,Traveler photo submitted by Alexander Bishop (May 2016)
s3 image url here75.JPG,false,false,s3 profile image url here,bewu,4,Traveler photo submitted by Luis Hawkins (June 2020)
s3 image url here22.JPG,false,false,s3 profile image url here,go,3,Traveler photo submitted by Ethel Fernandez (February 2015)
s3 image url here44.JPG,false,false,s3 profile image url here,utefaz,1,Traveler photo submitted by Elizabeth Conner (December 2020)
s3 image url here61.JPG,false,false,s3 profile image url here,loeh,3,Traveler photo submitted by Samuel Clark (April 2018)
s3 image url here58.JPG,false,false,s3 profile image url here,modin,5,Traveler photo submitted by Jose Moreno (May 2020)
s3 image url here95.JPG,false,false,s3 profile image url here,pumrizu,0,Traveler photo submitted by Warren Powers (November 2016)
s3 image url here66.JPG,false,false,s3 profile image url here,rauf,4,Traveler photo submitted by Leroy Gomez (October 2015)
s3 image url here32.JPG,false,false,s3 profile image url here,va,3,Traveler photo submitted by Floyd Tyler (August 2018)
s3 image url here69.JPG,false,false,s3 profile image url here,jej,2,Traveler photo submitted by Erik Reeves (August 2018)
s3 image url here19.JPG,false,false,s3 profile image url here,gamdicij,1,Traveler photo submitted by Alta Higgins (July 2020)
s3 image url here99.JPG,false,false,s3 profile image url here,zefibwe,4,Traveler photo submitted by Sophia Wade (March 2020)
s3 image url here45.JPG,false,false,s3 profile image url here,epe,5,Traveler photo submitted by Elsie Olson (April 2016)
s3 image url here92.JPG,false,false,s3 profile image url here,log,5,Traveler photo submitted by Carrie Medina (April 2016)
s3 image url here46.JPG,false,false,s3 profile image url here,orpatafe,5,Traveler photo submitted by Ivan Saunders (July 2019)
s3 image url here17.JPG,false,false,s3 profile image url here,runmir,5,Traveler photo submitted by Lida Guerrero (March 2015)
s3 image url here15.JPG,false,false,s3 profile image url here,novub,4,Traveler photo submitted by Lucy Christensen (August 2015)
s3 image url here31.JPG,false,false,s3 profile image url here,ul,3,Traveler photo submitted by Lucinda Fletcher (November 2019)
s3 image url here70.JPG,false,false,s3 profile image url here,emowid,4,Traveler photo submitted by Nora Evans (August 2016)
s3 image url here27.JPG,false,false,s3 profile image url here,dersavgat,5,Traveler photo submitted by Patrick Klein (March 2020)
s3 image url here20.JPG,false,false,s3 profile image url here,iwpi,4,Traveler photo submitted by May Vasquez (January 2018)
s3 image url here22.JPG,false,false,s3 profile image url here,oswewjed,2,Traveler photo submitted by Mollie Wilkins (January 2016)
s3 image url here92.JPG,false,false,s3 profile image url here,no,1,Traveler photo submitted by Carlos Mathis (November 2015)
s3 image url here9.JPG,false,false,s3 profile image url here,ne,0,Traveler photo submitted by Harry Fuller (March 2019)
s3 image url here61.JPG,false,false,s3 profile image url here,rumihna,0,Traveler photo submitted by Wesley Lamb (March 2017)
s3 image url here48.JPG,false,false,s3 profile image url here,fisehsub,1,Traveler photo submitted by Roger Robertson (October 2016)
s3 image url here62.JPG,false,false,s3 profile image url here,ucure,0,Traveler photo submitted by Christopher Cooper (January 2015)
s3 image url here21.JPG,false,false,s3 profile image url here,bucus,1,Traveler photo submitted by Celia Castillo (May 2015)
s3 image url here88.JPG,false,false,s3 profile image url here,piw,3,Traveler photo submitted by Kenneth Nichols (July 2018)
s3 image url here75.JPG,false,false,s3 profile image url here,dugen,3,Traveler photo submitted by Ray Norman (May 2015)
s3 image url here16.JPG,false,false,s3 profile image url here,tomfa,4,Traveler photo submitted by Minnie Miller (November 2019)
s3 image url here3.JPG,false,false,s3 profile image url here,petsik,1,Traveler photo submitted by Pauline Nichols (October 2020)
s3 image url here49.JPG,false,false,s3 profile image url here,lidrug,2,Traveler photo submitted by Helen Cox (December 2015)
s3 image url here76.JPG,false,false,s3 profile image url here,emaletag,3,Traveler photo submitted by Joel Murphy (April 2016)
s3 image url here37.JPG,false,false,s3 profile image url here,ecuj,3,Traveler photo submitted by Delia Coleman (November 2020)
s3 image url here82.JPG,false,false,s3 profile image url here,vo,0,Traveler photo submitted by Shawn Jenkins (November 2017)
s3 image url here88.JPG,false,false,s3 profile image url here,ra,0,Traveler photo submitted by Blanche Cannon (January 2020)
s3 image url here98.JPG,false,false,s3 profile image url here,risa,2,Traveler photo submitted by Herman Cohen (July 2015)
s3 image url here84.JPG,false,false,s3 profile image url here,wore,3,Traveler photo submitted by Lou Peterson (April 2017)
s3 image url here11.JPG,false,false,s3 profile image url here,ma,3,Traveler photo submitted by Ruby Brooks (April 2018)
s3 image url here78.JPG,false,false,s3 profile image url here,nojo,3,Traveler photo submitted by Nell Graves (June 2017)
s3 image url here69.JPG,false,false,s3 profile image url here,lirak,4,Traveler photo submitted by Franklin Cannon (July 2017)
s3 image url here74.JPG,false,false,s3 profile image url here,lebetgo,4,Traveler photo submitted by Edwin Wise (July 2018)
s3 image url here96.JPG,false,false,s3 profile image url here,jof,0,Traveler photo submitted by Nina Stokes (May 2017)
s3 image url here16.JPG,false,false,s3 profile image url here,it,0,Traveler photo submitted by Kyle Schultz (March 2015)
s3 image url here48.JPG,false,false,s3 profile image url here,ika,2,Traveler photo submitted by James Freeman (March 2015)
s3 image url here48.JPG,false,false,s3 profile image url here,map,4,Traveler photo submitted by Isaac Burns (January 2018)
s3 image url here36.JPG,false,false,s3 profile image url here,bawoetu,4,Traveler photo submitted by Harriett Cole (December 2015)
s3 image url here50.JPG,false,false,s3 profile image url here,ebu,4,Traveler photo submitted by Anthony Burns (November 2020)
s3 image url here77.JPG,false,false,s3 profile image url here,ru,3,Traveler photo submitted by Millie Garcia (December 2015)
s3 image url here67.JPG,false,false,s3 profile image url here,vibjulrud,1,Traveler photo submitted by Isabella Duncan (March 2016)
s3 image url here37.JPG,false,false,s3 profile image url here,mafgizeh,4,Traveler photo submitted by Etta Lowe (September 2017)
s3 image url here32.JPG,false,false,s3 profile image url here,pe,2,Traveler photo submitted by Genevieve Gutierrez (September 2020)
s3 image url here19.JPG,false,false,s3 profile image url here,gelafepar,4,Traveler photo submitted by Larry Mack (September 2019)
s3 image url here93.JPG,false,false,s3 profile image url here,ikossa,0,Traveler photo submitted by Sallie Grant (March 2019)
s3 image url here53.JPG,false,false,s3 profile image url here,nu,1,Traveler photo submitted by Pauline Williams (June 2020)
s3 image url here67.JPG,false,false,s3 profile image url here,roge,1,Traveler photo submitted by Dora Stevenson (December 2019)
s3 image url here94.JPG,false,false,s3 profile image url here,hebek,5,Traveler photo submitted by Marcus Jenkins (January 2020)
s3 image url here1.JPG,false,false,s3 profile image url here,avaputfi,1,Traveler photo submitted by Vernon Logan (March 2020)
s3 image url here28.JPG,false,false,s3 profile image url here,lahuno,0,Traveler photo submitted by Leonard Nguyen (January 2020)
s3 image url here51.JPG,false,false,s3 profile image url here,zeki,5,Traveler photo submitted by Katie Marshall (June 2016)
s3 image url here33.JPG,false,false,s3 profile image url here,vav,3,Traveler photo submitted by Jeff Floyd (May 2020)
s3 image url here58.JPG,false,false,s3 profile image url here,nuc,5,Traveler photo submitted by Alma Harmon (January 2019)
s3 image url here0.JPG,false,false,s3 profile image url here,zoddol,1,Traveler photo submitted by Jesus Crawford (March 2020)
s3 image url here41.JPG,false,false,s3 profile image url here,bejmazal,1,Traveler photo submitted by Dominic Stevenson (November 2016)
s3 image url here17.JPG,false,false,s3 profile image url here,zucsesa,5,Traveler photo submitted by Jacob Vasquez (June 2016)
s3 image url here24.JPG,false,false,s3 profile image url here,bu,2,Traveler photo submitted by Eliza Garner (November 2017)
s3 image url here99.JPG,false,false,s3 profile image url here,evu,1,Traveler photo submitted by Sally McCormick (June 2017)
s3 image url here52.JPG,false,false,s3 profile image url here,lumracne,4,Traveler photo submitted by Fred Thomas (April 2015)
s3 image url here26.JPG,false,false,s3 profile image url here,ifrumaw,4,Traveler photo submitted by Logan Price (April 2018)
s3 image url here30.JPG,false,false,s3 profile image url here,imigepgi,5,Traveler photo submitted by Nancy Wilkerson (June 2019)
s3 image url here32.JPG,false,false,s3 profile image url here,rodo,5,Traveler photo submitted by Lydia Wheeler (March 2016)
s3 image url here83.JPG,false,false,s3 profile image url here,juw,0,Traveler photo submitted by Dollie Morton (June 2016)
s3 image url here89.JPG,false,false,s3 profile image url here,oz,2,Traveler photo submitted by Gabriel Erickson (June 2020)
s3 image url here25.JPG,false,false,s3 profile image url here,befitmu,1,Traveler photo submitted by Lucile Taylor (March 2019)
s3 image url here88.JPG,false,false,s3 profile image url here,ne,0,Traveler photo submitted by Louisa Rivera (September 2019)
s3 image url here0.JPG,false,false,s3 profile image url here,cijiif,5,Traveler photo submitted by Mittie Mathis (September 2018)
s3 image url here95.JPG,false,false,s3 profile image url here,diibve,1,Traveler photo submitted by Cameron Alvarado (December 2018)
s3 image url here26.JPG,false,false,s3 profile image url here,pucve,3,Traveler photo submitted by Agnes Cobb (January 2018)
s3 image url here11.JPG,false,false,s3 profile image url here,mormushoj,0,Traveler photo submitted by Sophia Brady (July 2020)
s3 image url here2.JPG,false,false,s3 profile image url here,be,1,Traveler photo submitted by Bobby Joseph (April 2018)
s3 image url here43.JPG,false,false,s3 profile image url here,muv,2,Traveler photo submitted by Harvey Byrd (January 2016)
s3 image url here90.JPG,false,false,s3 profile image url here,eg,0,Traveler photo submitted by Mittie Watkins (October 2020)
s3 image url here7.JPG,false,false,s3 profile image url here,rinhingof,2,Traveler photo submitted by Eugenia Holt (October 2017)
s3 image url here41.JPG,false,false,s3 profile image url here,ri,2,Traveler photo submitted by Terry Lloyd (September 2015)
s3 image url here31.JPG,false,false,s3 profile image url here,wiv,3,Traveler photo submitted by Billy Perez (May 2019)
s3 image url here73.JPG,false,false,s3 profile image url here,ti,3,Traveler photo submitted by Jay Pratt (May 2016)
s3 image url here97.JPG,false,false,s3 profile image url here,vuwamja,3,Traveler photo submitted by Albert Klein (June 2018)
s3 image url here82.JPG,false,false,s3 profile image url here,efuohekaj,5,Traveler photo submitted by Theodore Soto (November 2018)
s3 image url here24.JPG,false,false,s3 profile image url here,wo,3,Traveler photo submitted by Dean Zimmerman (July 2019)
s3 image url here61.JPG,false,false,s3 profile image url here,mofalac,0,Traveler photo submitted by Charlie Vargas (January 2019)
s3 image url here81.JPG,false,false,s3 profile image url here,tid,3,Traveler photo submitted by Katharine Grant (December 2016)
s3 image url here56.JPG,false,false,s3 profile image url here,tirupoma,4,Traveler photo submitted by Frank Swanson (August 2017)
s3 image url here30.JPG,false,false,s3 profile image url here,tu,4,Traveler photo submitted by Benjamin Hart (February 2017)
s3 image url here90.JPG,false,false,s3 profile image url here,ruvcom,1,Traveler photo submitted by Viola Copeland (December 2016)
s3 image url here37.JPG,false,false,s3 profile image url here,mik,1,Traveler photo submitted by Jeanette Moody (February 2016)
s3 image url here24.JPG,false,false,s3 profile image url here,zubohni,0,Traveler photo submitted by Brandon Bryant (September 2016)
s3 image url here75.JPG,false,false,s3 profile image url here,lum,0,Traveler photo submitted by Isabella Snyder (August 2017)
s3 image url here2.JPG,false,false,s3 profile image url here,wetaklap,3,Traveler photo submitted by Vincent Wood (November 2016)
s3 image url here94.JPG,false,false,s3 profile image url here,cufhunsoh,2,Traveler photo submitted by Mason Cohen (November 2016)
